date,total_customers,avg_order_value,returning_customers,new_customers,marketing_spend,daily_revenue
2023-01-01,155,642.8,82,73,3394.63,99973.09
2023-01-02,119,412.4,80,39,1232.33,49198.57
2023-01-03,136,358.23,90,46,4879.64,49207.76
2023-01-04,129,434.94,69,60,1727.3,56279.43
2023-01-05,124,522.78,77,47,2164.92,65040.96
2023-01-06,102,405.8,58,44,2168.58,41608.21
2023-01-07,167,429.87,103,64,3056.94,72093.9
2023-01-08,150,368.58,80,70,3430.18,55630.04
2023-01-09,117,623.69,61,56,2760.61,73248.17
2023-01-10,120,548.07,81,39,1137.55,65882.25
2023-01-11,131,474.68,79,52,3080.27,62491.69
2023-01-12,111,423.94,72,39,4878.34,47545.37
2023-01-13,131,385.4,66,65,1783.93,50665.4
2023-01-14,156,480.13,86,70,2554.71,75156.08
2023-01-15,150,462.37,79,71,3170.78,69673.15
2023-01-16,136,670.88,94,42,1298.2,91369.34
2023-01-17,119,352.21,76,43,4261.85,42339.04
2023-01-18,132,641.6,67,65,4085.08,85100.09
2023-01-19,118,695.24,66,52,3493.19,82387.8
2023-01-20,123,375.42,69,54,2243.93,46401.46
2023-01-21,165,704.89,86,79,2888.86,116594.93
2023-01-22,170,635.3,104,66,4043.14,108404.96
2023-01-23,127,559.09,64,63,2710.16,71275.84
2023-01-24,143,393.16,89,54,1125.72,56333.96
2023-01-25,129,713.03,75,54,1997.17,92180.15
2023-01-26,108,652.22,55,53,1915.19,70631.33
2023-01-27,120,721.88,75,45,4232.48,87048.74
2023-01-28,154,698.58,82,72,4214.69,108003.44
2023-01-29,160,672.98,90,70,4584.37,108134.61
2023-01-30,139,394.02,81,58,1911.74,54960.06
2023-01-31,133,352.78,77,56,3042.99,47224.15
2023-02-01,133,438.84,75,58,1479.46,58514.08
2023-02-02,129,557.52,73,56,3812.08,72300.8
2023-02-03,135,738.71,74,61,4849.79,100211.21
2023-02-04,142,463.94,88,54,1147.55,65993.69
2023-02-05,161,551.07,89,72,1205.92,88843.12
2023-02-06,129,407.96,89,40,2957.81,52922.36
2023-02-07,135,446.82,88,47,3688.54,60689.84
2023-02-08,140,497.11,87,53,3529.22,69948.78
2023-02-09,123,564.31,82,41,1361.16,69546.23
2023-02-10,123,366.31,78,45,3363.57,45392.49
2023-02-11,157,356.64,85,72,3048.37,56296.55
2023-02-12,152,626.38,104,48,2546.94,95463.71
2023-02-13,138,405.01,72,66,2364.27,56127.58
2023-02-14,142,676.89,86,56,3220.8,96440.3
2023-02-15,121,446.74,82,39,1372.41,54192.89
2023-02-16,137,485.61,88,49,2396.84,66768.52
2023-02-17,142,708.84,93,49,4548.35,101110.7
2023-02-18,158,414.65,98,60,4594.22,65974.36
2023-02-19,167,353.68,105,62,1405.89,59204.95
2023-02-20,154,610.78,98,56,1897.08,94250.52
2023-02-21,140,444.9,90,50,2301.6,62516.11
2023-02-22,145,613.05,75,70,3273.23,89218.87
2023-02-23,140,497.09,76,64,2060.81,69798.17
2023-02-24,135,706.82,88,47,3524.55,95772.97
2023-02-25,169,551.05,101,68,3307.62,93459.03
2023-02-26,172,462.31,108,64,1097.26,79626.86
2023-02-27,128,420.84,88,40,4761.83,54344.25
2023-02-28,134,356.18,78,56,4713.27,48199.8
2023-03-01,144,736.66,96,48,4854.48,106564.77
2023-03-02,128,690.45,68,60,2267.69,88604.97
2023-03-03,122,572.72,77,45,4744.62,70346.36
2023-03-04,158,596.0,83,75,4960.22,94664.48
2023-03-05,169,557.33,109,60,4509.49,94640.03
2023-03-06,148,493.8,97,51,2174.37,73299.31
2023-03-07,148,674.05,101,47,4468.29,100205.54
2023-03-08,143,669.32,91,52,3599.86,96072.47
2023-03-09,176,668.32,99,77,4560.02,118079.81
2023-03-10,130,581.31,77,53,1143.77,75684.94
2023-03-11,166,567.06,102,64,2146.17,94346.22
2023-03-12,164,400.82,107,57,3088.97,66044.07
2023-03-13,149,436.33,77,72,3491.56,65362.09
2023-03-14,139,566.25,89,50,3549.72,79064.28
2023-03-15,132,740.34,74,58,3065.2,98031.51
2023-03-16,132,525.59,66,66,1313.83,69509.07
2023-03-17,147,735.06,93,54,4343.92,108488.12
2023-03-18,157,412.57,95,62,2000.97,64974.34
2023-03-19,166,635.84,92,74,3640.79,105913.25
2023-03-20,160,517.84,91,69,1990.92,83053.5
2023-03-21,149,653.14,77,72,1057.57,97423.39
2023-03-22,144,539.67,86,58,1391.34,77851.55
2023-03-23,147,539.39,86,61,1692.81,79459.42
2023-03-24,156,604.04,89,67,1181.22,94347.97
2023-03-25,155,600.34,104,51,3012.55,93354.57
2023-03-26,160,378.23,80,80,3569.68,60873.37
2023-03-27,144,584.31,88,56,4760.92,84616.77
2023-03-28,155,533.3,106,49,3182.47,82979.93
2023-03-29,127,504.44,86,41,4844.76,64548.49
2023-03-30,142,378.48,94,48,2275.9,53971.11
2023-03-31,133,359.31,73,60,4257.87,48213.85
2023-04-01,173,601.58,111,62,4509.89,104523.83
2023-04-02,163,671.39,87,76,2128.14,109649.77
2023-04-03,147,746.2,84,63,2650.47,109956.75
2023-04-04,146,660.57,100,46,2363.21,96678.84
2023-04-05,137,650.35,71,66,4018.17,89499.55
2023-04-06,150,711.02,99,51,3021.01,106955.28
2023-04-07,146,505.68,99,47,1043.35,73933.71
2023-04-08,166,386.51,114,52,2277.25,64389.16
2023-04-09,170,602.73,94,76,2793.78,102744.31
2023-04-10,145,481.47,94,51,3690.07,70181.55
2023-04-11,145,386.48,74,71,2977.68,56337.72
2023-04-12,145,569.81,98,47,2766.12,82899.29
2023-04-13,131,407.2,81,50,4046.04,53747.37
2023-04-14,136,390.45,87,49,1336.43,53234.72
2023-04-15,164,383.94,94,70,4946.56,63460.01
2023-04-16,171,498.26,117,54,4251.2,85627.04
2023-04-17,132,660.86,77,55,3233.62,87556.72
2023-04-18,137,712.54,81,56,1444.79,97762.7
2023-04-19,138,372.52,72,66,1475.27,51555.47
2023-04-20,136,609.68,83,53,3984.18,83315.46
2023-04-21,137,464.28,74,63,4474.4,64054.46
2023-04-22,172,735.29,119,53,1048.62,126574.57
2023-04-23,170,379.52,117,53,3215.42,64839.71
2023-04-24,138,559.24,88,50,3517.59,77526.76
2023-04-25,159,583.73,80,79,4604.63,93272.85
2023-04-26,130,462.39,88,42,4801.65,60590.25
2023-04-27,159,460.95,94,65,1752.48,73466.69
2023-04-28,129,491.34,66,63,3334.62,63716.44
2023-04-29,171,473.81,108,63,4255.18,81447.21
2023-04-30,186,415.05,123,63,4643.71,77663.07
2023-05-01,124,723.09,63,61,4464.26,90109.76
2023-05-02,155,360.55,102,53,2505.85,56135.34
2023-05-03,119,737.97,79,40,4368.48,88254.77
2023-05-04,150,537.48,83,67,2659.28,80887.52
2023-05-05,136,657.59,91,45,4779.06,89910.82
2023-05-06,166,448.94,87,79,2802.18,74804.13
2023-05-07,167,441.46,104,63,3686.8,74092.02
2023-05-08,141,493.27,89,52,1454.23,69695.8
2023-05-09,151,558.07,92,59,4408.73,84708.75
2023-05-10,136,574.38,78,58,4506.61,78565.69
2023-05-11,141,631.63,74,67,1851.86,89245.28
2023-05-12,148,355.82,91,57,2402.35,52901.28
2023-05-13,153,711.66,92,61,2393.02,109123.81
2023-05-14,144,663.46,89,55,2586.17,95797.03
2023-05-15,117,533.65,70,47,4920.13,62929.57
2023-05-16,133,481.5,72,61,3533.6,64392.95
2023-05-17,137,422.75,93,44,2382.67,58155.3
2023-05-18,124,539.58,66,58,3670.23,67275.52
2023-05-19,128,420.8,67,61,1354.81,53998.42
2023-05-20,155,534.31,88,67,1825.33,83000.82
2023-05-21,182,365.72,113,69,4197.64,66981.69
2023-05-22,133,382.7,90,43,4494.31,51349.01
2023-05-23,131,672.48,70,61,3993.04,88494.25
2023-05-24,130,433.74,77,53,2481.89,56634.35
2023-05-25,116,535.01,58,58,3989.88,62460.6
2023-05-26,145,450.97,98,47,3853.4,65776.68
2023-05-27,192,392.87,116,76,2789.65,75709.78
2023-05-28,172,446.99,98,74,2076.97,77089.67
2023-05-29,124,397.9,76,48,4562.11,49796.41
2023-05-30,119,621.64,71,48,4156.68,74390.94
2023-05-31,131,584.74,76,55,3981.76,76998.65
2023-06-01,121,401.03,69,52,2135.1,48738.4
2023-06-02,138,492.44,85,53,4946.06,68451.15
2023-06-03,178,444.89,94,84,1407.13,79331.26
2023-06-04,152,424.63,81,71,2140.38,64757.31
2023-06-05,123,708.71,74,49,1320.93,87302.95
2023-06-06,131,394.82,90,41,2591.42,51979.98
2023-06-07,127,696.2,70,57,4268.29,88844.59
2023-06-08,132,721.75,81,51,3227.05,95593.76
2023-06-09,117,461.99,62,55,4077.97,54460.82
2023-06-10,149,553.04,77,72,1969.64,82600.54
2023-06-11,138,594.25,85,53,2154.52,82221.68
2023-06-12,125,563.04,70,55,1207.29,70500.2
2023-06-13,114,403.77,79,35,1253.5,46154.66
2023-06-14,135,451.86,88,47,3726.01,61373.2
2023-06-15,119,588.26,69,50,2886.3,70291.03
2023-06-16,131,682.25,68,63,4860.11,89860.47
2023-06-17,152,642.35,81,71,4753.36,98112.08
2023-06-18,155,579.79,81,74,4367.32,90304.06
2023-06-19,122,668.11,64,58,1806.51,81689.7
2023-06-20,127,616.08,72,55,3092.26,78551.24
2023-06-21,119,700.88,78,41,2569.78,83661.72
2023-06-22,102,535.07,66,36,2205.51,54797.89
2023-06-23,112,551.09,76,36,1928.85,61914.76
2023-06-24,160,712.59,83,77,3496.95,114363.91
2023-06-25,130,725.93,73,57,3510.83,94722.35
2023-06-26,125,598.03,84,41,3133.84,75067.02
2023-06-27,117,665.44,65,52,1606.7,78017.02
2023-06-28,129,363.41,84,45,3279.56,47208.23
2023-06-29,112,700.71,74,38,2368.33,78715.93
2023-06-30,117,668.92,63,54,1599.67,78423.39
2023-07-01,140,638.9,87,53,3880.15,89834.16
2023-07-02,153,450.72,82,71,2382.78,69198.38
2023-07-03,138,713.38,80,58,3333.57,98779.83
2023-07-04,125,411.34,75,50,3344.92,51752.06
2023-07-05,118,594.58,79,39,1072.44,70267.88
2023-07-06,119,628.66,76,43,4690.0,75279.58
2023-07-07,125,411.02,77,48,3305.15,51707.47
2023-07-08,163,723.75,96,67,4702.27,118440.96
2023-07-09,142,395.3,94,48,4939.36,56625.86
2023-07-10,117,586.51,59,58,2596.01,68881.29
2023-07-11,127,484.08,63,64,4211.41,61899.16
2023-07-12,106,564.96,60,46,4679.42,60353.52
2023-07-13,99,488.78,58,41,3950.0,48784.35
2023-07-14,113,406.34,67,46,1705.55,46087.29
2023-07-15,130,517.57,74,56,4659.38,67750.06
2023-07-16,163,355.24,87,76,3654.15,58269.17
2023-07-17,125,734.43,72,53,1594.65,91962.98
2023-07-18,140,376.83,75,65,3999.84,53156.27
2023-07-19,114,709.22,61,53,1820.56,81033.33
2023-07-20,113,575.94,74,39,1262.83,65207.1
2023-07-21,107,531.32,62,45,3097.56,57160.52
2023-07-22,155,412.1,104,51,1727.71,64047.67
2023-07-23,122,728.45,67,55,2493.24,89119.76
2023-07-24,101,360.15,64,37,1624.61,36538.07
2023-07-25,129,613.57,70,59,1108.38,79261.31
2023-07-26,119,357.88,78,41,1416.43,42729.87
2023-07-27,100,421.42,54,46,3610.98,42502.88
2023-07-28,108,638.91,71,37,4422.79,69444.21
2023-07-29,137,508.87,74,63,3672.34,70082.89
2023-07-30,146,355.2,79,67,1342.03,51993.52
2023-07-31,107,360.61,65,42,1725.74,38758.15
2023-08-01,119,676.98,65,54,2367.27,80797.04
2023-08-02,107,501.88,59,48,3361.18,54036.95
2023-08-03,96,570.82,53,43,2744.51,55073.06
2023-08-04,126,729.38,66,60,4054.42,92307.49
2023-08-05,138,707.82,80,58,4199.42,98099.23
2023-08-06,149,358.99,90,59,2074.71,53696.64
2023-08-07,94,405.74,65,29,4339.72,38573.76
2023-08-08,115,560.28,63,52,1686.72,64600.42
2023-08-09,109,459.62,68,41,3216.71,50420.48
2023-08-10,97,681.9,48,49,1825.69,66326.55
2023-08-11,109,590.21,58,51,3660.15,64698.55
2023-08-12,146,715.76,84,62,2675.08,104769.17
2023-08-13,130,416.51,67,63,3952.13,54541.95
2023-08-14,106,591.26,61,45,1981.4,62871.79
2023-08-15,96,637.62,58,38,2188.49,61430.21
2023-08-16,92,540.42,63,29,3654.68,50084.12
2023-08-17,97,362.47,60,37,2049.06,35364.81
2023-08-18,112,370.57,69,43,2985.46,41802.42
2023-08-19,146,392.64,94,52,1300.55,57455.39
2023-08-20,127,548.2,74,53,3753.61,69996.32
2023-08-21,111,669.77,61,50,3778.79,74721.94
2023-08-22,98,586.09,50,48,2443.9,57681.43
2023-08-23,103,424.05,69,34,3167.6,43994.24
2023-08-24,110,642.89,69,41,4226.24,71140.52
2023-08-25,112,449.87,60,52,2957.7,50680.9
2023-08-26,138,745.07,70,68,4776.24,103296.9
2023-08-27,137,422.23,93,44,3271.78,58172.71
2023-08-28,105,363.58,58,47,3789.68,38554.7
2023-08-29,102,694.82,57,45,4378.2,71309.16
2023-08-30,109,681.57,67,42,1148.03,74405.52
2023-08-31,98,380.78,55,43,3785.16,37695.08
2023-09-01,99,639.91,55,44,1261.43,63476.91
2023-09-02,146,477.5,98,48,3503.57,70065.5
2023-09-03,134,596.35,67,67,1931.84,80103.45
2023-09-04,102,725.63,71,31,4195.13,74433.48
2023-09-05,112,490.28,65,47,4068.75,55318.76
2023-09-06,124,699.47,81,43,4936.33,87228.02
2023-09-07,98,517.11,63,35,2685.43,50945.0
2023-09-08,97,491.85,54,43,2148.96,47924.24
2023-09-09,128,443.44,64,64,1168.37,56877.55
2023-09-10,130,503.73,70,60,3718.59,65856.84
2023-09-11,103,729.98,53,50,4145.38,75602.94
2023-09-12,110,727.89,68,42,2869.61,80355.17
2023-09-13,98,416.81,53,45,4964.67,41344.2
2023-09-14,102,593.09,55,47,3050.75,60800.74
2023-09-15,105,420.61,56,49,1881.94,44352.37
2023-09-16,124,373.14,83,41,4876.41,46756.64
2023-09-17,142,721.1,75,67,4979.63,102894.29
2023-09-18,114,628.41,75,39,1615.58,71800.1
2023-09-19,94,439.78,57,37,1895.27,41528.49
2023-09-20,115,386.59,63,52,4509.84,44909.38
2023-09-21,118,401.81,81,37,4554.99,47868.6
2023-09-22,103,612.1,53,50,3203.43,63366.31
2023-09-23,133,513.38,73,60,2490.75,68528.79
2023-09-24,129,382.42,82,47,1880.73,49520.06
2023-09-25,118,380.45,70,48,4404.83,45333.86
2023-09-26,125,679.87,79,46,2391.24,85223.17
2023-09-27,94,576.29,63,31,2068.11,54378.33
2023-09-28,105,690.23,67,38,4469.18,72921.35
2023-09-29,111,684.81,70,41,3789.89,76392.38
2023-09-30,143,413.44,96,47,4523.48,59574.56
2023-10-01,136,361.7,71,65,4303.27,49621.38
2023-10-02,112,414.3,74,38,4271.87,46829.23
2023-10-03,91,552.99,50,41,1025.54,50424.38
2023-10-04,101,602.73,63,38,2039.21,61079.19
2023-10-05,100,565.99,52,48,4119.38,57011.35
2023-10-06,102,735.2,63,39,2367.49,75226.82
2023-10-07,145,722.81,99,46,1410.04,104948.63
2023-10-08,125,470.39,64,61,3832.69,59181.45
2023-10-09,102,582.87,63,39,2383.53,59690.91
2023-10-10,94,653.31,47,47,1098.35,61520.53
2023-10-11,104,479.44,68,36,2954.57,50157.64
2023-10-12,94,459.45,55,39,4988.5,43687.21
2023-10-13,119,530.55,78,41,1654.5,63301.47
2023-10-14,120,382.95,75,45,3722.0,46326.49
2023-10-15,137,459.3,72,65,4803.45,63404.97
2023-10-16,107,517.89,62,45,3554.1,55769.74
2023-10-17,99,459.69,57,42,4935.91,46002.51
2023-10-18,98,435.24,61,37,1124.54,42766.16
2023-10-19,104,497.41,61,43,4457.43,52176.44
2023-10-20,104,658.37,67,37,4379.13,68908.26
2023-10-21,135,600.49,68,67,1524.98,81218.4
2023-10-22,133,668.61,69,64,2926.09,89218.39
2023-10-23,108,400.07,63,45,3742.26,43582.25
2023-10-24,101,375.68,55,46,3327.89,38276.83
2023-10-25,87,669.02,51,36,2241.45,58429.2
2023-10-26,97,590.01,61,36,2166.65,57447.46
2023-10-27,77,694.05,39,38,4119.4,53853.71
2023-10-28,122,446.82,64,58,4946.65,55006.46
2023-10-29,131,549.56,83,48,3472.62,72339.0
2023-10-30,100,480.58,51,49,3070.85,48365.54
2023-10-31,102,490.25,52,50,1132.81,50118.86
2023-11-01,92,577.02,60,32,3757.86,53461.29
2023-11-02,100,430.06,52,48,1669.93,43173.0
2023-11-03,117,362.63,59,58,4744.85,42902.72
2023-11-04,142,566.52,95,47,3836.24,80829.26
2023-11-05,142,485.78,73,69,4259.3,69406.7
2023-11-06,110,707.93,72,38,3190.37,78190.97
2023-11-07,124,560.56,64,60,3926.36,69902.21
2023-11-08,97,374.14,51,46,1988.41,36490.5
2023-11-09,101,740.35,54,47,2347.58,75009.71
2023-11-10,108,665.88,64,44,3634.83,72278.46
2023-11-11,152,441.38,105,47,4985.34,67588.58
2023-11-12,139,610.13,88,51,1798.17,84987.93
2023-11-13,102,697.31,66,36,3908.68,71516.39
2023-11-14,88,520.2,50,38,2383.74,46015.74
2023-11-15,108,525.45,64,44,3901.03,57138.29
2023-11-16,116,699.37,67,49,4602.81,81587.12
2023-11-17,112,714.95,69,43,1842.65,80258.14
2023-11-18,120,602.62,63,57,3932.45,72708.14
2023-11-19,141,421.87,97,44,1950.17,59679.14
2023-11-20,109,422.39,65,44,4417.54,46482.35
2023-11-21,112,528.12,64,48,3059.27,59455.6
2023-11-22,103,587.18,59,44,1654.1,60644.98
2023-11-23,94,659.39,65,29,1523.49,62134.94
2023-11-24,119,531.52,61,58,1944.2,63444.8
2023-11-25,139,484.8,81,58,4315.53,67818.93
2023-11-26,125,449.49,80,45,3468.58,56532.57
2023-11-27,105,364.67,66,39,3945.61,38684.76
2023-11-28,105,539.85,69,36,4376.68,57122.16
2023-11-29,119,432.34,65,54,1447.68,51592.81
2023-11-30,112,372.83,76,36,3124.68,42069.96
2023-12-01,117,476.46,59,58,3028.94,56049.0
2023-12-02,139,409.34,96,43,4946.52,57392.53
2023-12-03,149,531.9,89,60,3062.38,79558.73
2023-12-04,114,616.75,57,57,1558.61,70464.87
2023-12-05,122,430.74,84,38,3693.73,52919.82
2023-12-06,101,387.56,59,42,3690.41,39512.63
2023-12-07,110,627.05,75,35,4352.46,69410.79
2023-12-08,114,623.3,71,43,2988.7,71354.98
2023-12-09,144,362.15,91,53,4723.79,52622.67
2023-12-10,153,620.61,96,57,1862.7,95138.89
2023-12-11,129,392.64,90,39,3631.38,51013.34
2023-12-12,102,369.28,59,43,4908.7,38157.92
2023-12-13,117,576.81,79,38,3953.8,67881.74
2023-12-14,118,511.66,74,44,2308.13,60606.24
2023-12-15,120,669.13,79,41,2742.33,80569.29
2023-12-16,151,398.08,75,76,3177.96,60428.42
2023-12-17,134,508.47,77,57,3781.87,68513.04
2023-12-18,101,529.48,58,43,1950.18,53672.24
2023-12-19,132,597.8,76,56,2853.98,79194.49
2023-12-20,126,695.33,75,51,3076.33,87919.65
2023-12-21,102,582.07,63,39,3134.41,59684.47
2023-12-22,100,655.95,64,36,4251.94,66020.52
2023-12-23,154,447.39,78,76,4708.14,69369.32
2023-12-24,150,723.77,78,72,2406.49,108806.81
2023-12-25,101,463.95,66,35,2229.16,47081.78
2023-12-26,117,565.66,72,45,2245.23,66407.27
2023-12-27,108,515.42,57,51,1487.54,55814.08
2023-12-28,128,622.45,77,51,1725.75,79845.81
2023-12-29,113,576.92,78,35,2026.25,65395.14
2023-12-30,152,543.42,92,60,4223.97,83021.97
2023-12-31,151,730.56,100,51,3406.45,110655.41
2024-01-01,116,703.68,62,54,1912.32,81818.41
2024-01-02,106,685.94,60,46,4600.09,73170.13
2024-01-03,138,444.75,76,62,4122.1,61787.47
2024-01-04,118,617.02,73,45,1382.14,72946.57
2024-01-05,134,530.71,71,63,3346.43,71449.39
2024-01-06,158,436.7,79,79,1382.86,69136.24
2024-01-07,156,606.79,95,61,3428.38,95001.86
2024-01-08,117,587.79,81,36,2987.07,69070.2
2024-01-09,109,404.58,63,46,3780.58,44476.83
2024-01-10,140,626.97,73,67,4965.02,88272.93
2024-01-11,118,391.64,72,46,3897.36,46603.71
2024-01-12,120,384.26,64,56,4576.76,46569.27
2024-01-13,152,479.35,86,66,1906.63,73051.65
2024-01-14,155,377.05,84,71,4201.43,58862.12
2024-01-15,117,566.0,73,44,4520.32,66674.59
2024-01-16,105,483.2,73,32,3677.95,51103.88
2024-01-17,129,614.74,83,46,3231.13,79624.02
2024-01-18,119,574.92,63,56,4830.5,68898.38
2024-01-19,125,626.0,75,50,1803.73,78430.62
2024-01-20,155,652.47,98,57,2390.29,101371.16
2024-01-21,148,668.18,80,68,4708.71,99361.51
2024-01-22,116,746.99,70,46,4708.0,87122.03
2024-01-23,124,686.81,77,47,3083.83,85473.23
2024-01-24,129,401.09,84,45,4304.27,52170.44
2024-01-25,125,633.5,70,55,1144.64,79301.7
2024-01-26,120,385.06,73,47,4747.83,46681.63
2024-01-27,145,472.21,85,60,2587.93,68729.2
2024-01-28,163,717.76,113,50,2987.85,117293.14
2024-01-29,154,690.57,105,49,1834.04,106531.18
2024-01-30,130,502.25,87,43,4511.9,65743.6
2024-01-31,129,672.37,72,57,4160.12,87151.76
2024-02-01,128,419.41,72,56,3779.8,54062.44
2024-02-02,123,740.24,81,42,3563.89,91406.41
2024-02-03,160,592.5,85,75,4059.24,95206.11
2024-02-04,169,551.03,89,80,2594.65,93382.93
2024-02-05,125,360.32,86,39,1540.67,45194.66
2024-02-06,130,569.81,76,54,4863.29,74561.86
2024-02-07,132,525.8,82,50,1422.66,69548.48
2024-02-08,112,436.42,70,42,3478.35,49226.35
2024-02-09,130,373.27,66,64,4979.47,49022.46
2024-02-10,177,628.01,96,81,4934.72,111651.97
2024-02-11,157,626.86,94,63,1249.17,98542.65
2024-02-12,130,748.68,80,50,4255.88,97753.82
2024-02-13,143,560.82,75,68,2704.33,80467.21
2024-02-14,119,704.64,64,55,2799.14,84132.27
2024-02-15,122,681.02,79,43,3934.46,83477.3
2024-02-16,116,354.41,69,47,2664.62,41378.31
2024-02-17,159,564.12,79,80,1860.81,89881.81
2024-02-18,168,446.48,110,58,4903.5,75499.09
2024-02-19,135,393.89,79,56,3191.84,53494.94
2024-02-20,141,687.74,84,57,1392.33,97110.97
2024-02-21,131,644.94,75,56,2904.07,84777.92
2024-02-22,126,507.79,82,44,2837.79,64265.38
2024-02-23,129,625.25,71,58,2750.41,80932.79
2024-02-24,176,686.35,119,57,1153.71,120912.73
2024-02-25,188,613.74,117,71,4580.47,115841.46
2024-02-26,130,595.57,78,52,1266.61,77551.21
2024-02-27,141,554.89,71,70,3720.91,78611.41
2024-02-28,130,383.92,66,64,3865.29,50295.71
2024-02-29,123,489.88,77,46,4098.61,60665.26
2024-03-01,127,424.08,65,62,1696.44,54027.58
2024-03-02,179,456.02,92,87,1083.78,81735.7
2024-03-03,174,737.14,113,61,2181.78,128481.24
2024-03-04,123,432.27,76,47,1485.55,53318.37
2024-03-05,153,659.85,92,61,3575.62,101315.15
2024-03-06,131,741.99,80,51,3407.53,97541.2
2024-03-07,147,649.23,92,55,4247.08,95861.41
2024-03-08,134,721.23,76,58,1898.46,96835.13
2024-03-09,160,522.83,99,61,2757.62,83928.68
2024-03-10,166,704.77,92,74,3583.24,117350.14
2024-03-11,136,676.38,91,45,4445.48,92432.06
2024-03-12,137,652.02,91,46,2842.16,89610.51
2024-03-13,141,641.4,89,52,4105.79,90847.45
2024-03-14,140,743.87,71,69,4749.55,104616.46
2024-03-15,126,415.93,81,45,1526.92,52559.36
2024-03-16,164,552.34,106,58,4362.81,91020.22
2024-03-17,175,566.89,105,70,3361.39,99542.74
2024-03-18,145,625.55,90,55,4493.29,91154.68
2024-03-19,121,654.45,71,50,1640.29,79352.31
2024-03-20,137,670.03,83,54,1816.14,91975.5
2024-03-21,131,643.23,70,61,3463.94,84609.33
2024-03-22,151,571.69,98,53,1020.92,86427.37
2024-03-23,163,364.12,88,75,3982.94,59750.59
2024-03-24,168,480.77,94,74,1595.55,80929.36
2024-03-25,144,700.66,82,62,4985.34,101393.62
2024-03-26,157,704.48,90,67,3372.18,110940.31
2024-03-27,135,515.05,67,68,3782.47,69909.83
2024-03-28,124,667.68,76,48,1371.96,82929.38
2024-03-29,152,542.39,77,75,3569.3,82800.08
2024-03-30,185,574.26,117,68,3413.95,106580.24
2024-03-31,190,672.0,126,64,2079.28,127887.09
2024-04-01,131,373.42,86,45,2336.95,49151.76
2024-04-02,139,633.07,83,56,4154.46,88412.51
2024-04-03,128,481.28,66,62,2736.08,61877.08
2024-04-04,138,438.24,89,49,3392.9,60817.07
2024-04-05,129,604.47,67,62,4142.61,78391.01
2024-04-06,188,513.96,108,80,4359.21,97060.77
2024-04-07,188,423.79,106,82,2448.94,79917.51
2024-04-08,155,360.48,103,52,1096.77,55983.87
2024-04-09,141,469.49,77,64,4762.72,66674.39
2024-04-10,122,521.86,81,41,4490.92,64116.34
2024-04-11,144,533.27,75,69,2931.88,77084.75
2024-04-12,134,382.24,80,54,3911.76,51611.42
2024-04-13,186,656.21,115,71,1635.63,122217.72
2024-04-14,164,404.14,103,61,4005.5,66679.78
2024-04-15,138,454.68,94,44,1987.92,62944.95
2024-04-16,137,449.82,89,48,2087.8,61833.91
2024-04-17,154,376.15,78,76,2950.28,58221.58
2024-04-18,136,375.06,71,65,4625.75,51470.91
2024-04-19,114,488.94,57,57,4599.33,56198.79
2024-04-20,177,615.52,108,69,4853.58,109431.67
2024-04-21,153,642.33,84,69,4925.19,98768.76
2024-04-22,133,611.67,81,52,1792.39,81531.33
2024-04-23,143,593.41,74,69,2398.03,85097.56
2024-04-24,137,410.5,75,62,1901.27,56428.45
2024-04-25,140,559.36,94,46,1459.08,78455.8
2024-04-26,149,639.13,95,54,1270.67,95356.8
2024-04-27,159,533.32,84,75,2938.79,85091.8
2024-04-28,168,728.28,106,62,4399.9,122790.91
2024-04-29,113,610.39,57,56,3181.73,69292.17
2024-04-30,127,555.0,75,52,4225.61,70907.7
2024-05-01,130,415.88,84,46,2320.86,54296.82
2024-05-02,129,557.75,87,42,1819.53,72132.26
2024-05-03,133,744.0,67,66,4088.05,99360.25
2024-05-04,151,376.08,102,49,2855.73,57073.93
2024-05-05,164,392.19,108,56,3627.12,64681.79
2024-05-06,168,502.17,116,52,4102.45,84774.47
2024-05-07,137,464.86,84,53,4171.42,64102.3
2024-05-08,121,603.83,70,51,4191.66,73482.95
2024-05-09,136,413.18,89,47,3783.6,56571.1
2024-05-10,144,476.7,98,46,4428.72,69088.34
2024-05-11,161,423.69,101,60,4575.96,68671.68
2024-05-12,161,410.84,100,61,2761.29,66421.65
2024-05-13,135,736.85,94,41,2671.04,99741.94
2024-05-14,148,617.17,78,70,3538.69,91694.73
2024-05-15,132,414.89,80,52,1050.43,54870.97
2024-05-16,143,560.96,96,47,3877.41,80605.0
2024-05-17,135,424.96,89,46,4432.71,57813.52
2024-05-18,160,566.32,90,70,3840.97,90994.9
2024-05-19,176,533.71,105,71,2431.19,94175.39
2024-05-20,131,681.3,70,61,2340.83,89484.34
2024-05-21,141,390.25,74,67,1959.5,55221.9
2024-05-22,138,489.18,89,49,2801.4,67786.51
2024-05-23,144,490.95,85,59,4365.79,71133.38
2024-05-24,147,741.64,77,70,3536.57,109375.03
2024-05-25,149,624.53,79,70,1278.56,93182.96
2024-05-26,173,692.29,115,58,1908.72,119957.89
2024-05-27,139,627.66,77,62,3050.62,87549.83
2024-05-28,117,435.06,65,52,1132.76,51015.03
2024-05-29,135,698.48,88,47,4064.26,94701.47
2024-05-30,132,615.99,89,43,2041.15,81515.32
2024-05-31,136,394.4,80,56,2788.22,53916.65
2024-06-01,178,695.83,102,76,3186.59,124175.59
2024-06-02,154,645.96,85,69,4672.31,99945.32
2024-06-03,128,693.34,87,41,2168.87,88963.98
2024-06-04,136,357.2,87,49,4851.24,49064.68
2024-06-05,134,471.9,74,60,4317.58,63666.42
2024-06-06,131,388.61,65,66,1967.58,51105.16
2024-06-07,146,537.51,90,56,2205.06,78696.56
2024-06-08,147,647.28,100,47,1192.57,95269.02
2024-06-09,146,690.91,90,56,3671.22,101239.33
2024-06-10,125,667.83,77,48,1138.68,83592.78
2024-06-11,124,748.18,74,50,4422.78,93215.98
2024-06-12,116,387.54,73,43,4638.51,45418.83
2024-06-13,128,681.71,78,50,4515.92,87711.08
2024-06-14,98,476.78,64,34,2738.38,46998.14
2024-06-15,162,590.77,95,67,4570.09,96161.65
2024-06-16,171,586.68,93,78,3810.54,100703.14
2024-06-17,137,554.95,79,58,1416.9,76169.22
2024-06-18,145,730.21,94,51,3402.6,106221.06
2024-06-19,122,552.51,62,60,3536.42,67759.43
2024-06-20,116,539.0,61,55,1182.59,62641.95
2024-06-21,110,460.73,62,48,4886.13,51168.44
2024-06-22,138,594.31,74,64,2122.73,82227.33
2024-06-23,151,556.63,75,76,1022.02,84153.19
2024-06-24,119,671.03,71,48,3288.19,80181.9
2024-06-25,114,467.4,66,48,4727.01,53755.79
2024-06-26,123,395.54,73,50,2380.89,48888.94
2024-06-27,113,699.69,72,41,2974.19,79362.28
2024-06-28,113,518.73,77,36,2644.08,58881.04
2024-06-29,135,635.61,75,60,3431.62,86150.92
2024-06-30,145,453.04,90,55,1238.1,65815.03
2024-07-01,121,624.64,69,52,1457.95,75726.75
2024-07-02,97,398.41,63,34,2675.79,38913.35
2024-07-03,111,378.4,63,48,1320.72,42134.81
2024-07-04,120,621.47,74,46,2447.68,74820.93
2024-07-05,122,354.05,83,39,3544.38,43548.84
2024-07-06,157,639.59,106,51,1482.23,100563.73
2024-07-07,150,376.58,79,71,3135.87,56800.22
2024-07-08,117,468.02,72,45,2944.0,55052.31
2024-07-09,115,367.5,70,45,1492.01,42411.2
2024-07-10,129,610.92,82,47,4382.42,79246.49
2024-07-11,107,521.97,59,48,3691.87,56220.24
2024-07-12,126,528.57,83,43,4193.52,67018.9
2024-07-13,139,693.02,81,58,4666.54,96797.12
2024-07-14,153,498.47,98,55,3404.3,76606.18
2024-07-15,97,625.36,51,46,2498.21,60909.94
2024-07-16,103,706.04,54,49,2383.51,72960.35
2024-07-17,112,360.18,70,42,3583.29,40698.39
2024-07-18,108,513.85,68,40,2244.87,55720.46
2024-07-19,111,592.31,60,51,2458.37,65992.44
2024-07-20,143,625.31,85,58,1562.21,89575.51
2024-07-21,145,361.01,100,45,3021.82,52649.31
2024-07-22,108,362.38,57,51,2551.95,39392.48
2024-07-23,111,359.34,65,46,4024.85,40289.32
2024-07-24,117,396.46,65,52,4823.68,46867.67
2024-07-25,108,705.36,71,37,3411.77,76520.22
2024-07-26,110,504.2,66,44,2361.55,55698.68
2024-07-27,145,411.66,88,57,3214.85,60011.9
2024-07-28,147,526.18,81,66,2209.33,77568.88
2024-07-29,115,427.85,65,50,1230.59,49325.76
2024-07-30,90,582.19,52,38,1556.79,52552.51
2024-07-31,117,600.49,67,50,2955.59,70553.33
2024-08-01,120,598.26,69,51,1805.25,71972.23
2024-08-02,128,365.78,77,51,2902.18,47110.55
2024-08-03,141,563.35,74,67,4479.88,79880.99
2024-08-04,143,666.2,94,49,1499.28,95417.09
2024-08-05,114,727.62,67,47,1595.18,83107.84
2024-08-06,104,742.39,69,35,2933.63,77502.44
2024-08-07,90,464.31,58,32,1812.89,41969.5
2024-08-08,120,504.62,71,49,3045.1,60858.45
2024-08-09,117,742.3,77,40,2630.34,87111.63
2024-08-10,139,655.81,96,43,3294.12,91487.16
2024-08-11,134,691.58,89,45,2756.6,92948.02
2024-08-12,105,707.24,71,34,1249.83,74384.77
2024-08-13,112,600.64,56,56,4705.53,67741.9
2024-08-14,76,540.74,48,28,3750.89,41471.13
2024-08-15,98,469.76,64,34,2434.86,46279.79
2024-08-16,109,461.5,75,34,1842.82,50488.21
2024-08-17,144,467.85,93,51,1057.26,67475.8
2024-08-18,140,683.66,73,67,3961.9,96108.29
2024-08-19,112,613.42,74,38,4064.46,69109.06
2024-08-20,112,595.44,66,46,1354.42,66824.91
2024-08-21,102,512.84,58,44,1264.04,52436.35
2024-08-22,96,394.4,66,30,4232.94,38285.62
2024-08-23,85,380.74,56,29,3002.5,32663.56
2024-08-24,136,632.83,69,67,1200.9,86185.59
2024-08-25,117,442.95,77,40,2124.02,52037.99
2024-08-26,95,721.69,64,31,2620.41,68822.71
2024-08-27,100,440.41,69,31,3561.9,44397.35
2024-08-28,83,591.4,52,31,2431.26,49329.1
2024-08-29,72,584.35,37,35,3499.14,42422.82
2024-08-30,104,623.05,66,38,1967.73,64993.65
2024-08-31,137,571.0,72,65,3080.68,78535.12
2024-09-01,137,660.14,82,55,2085.64,90647.53
2024-09-02,95,601.82,61,34,1217.33,57294.93
2024-09-03,97,477.03,58,39,1000.54,46372.42
2024-09-04,98,685.74,53,45,1015.28,67303.6
2024-09-05,103,646.36,53,50,2265.08,66801.76
2024-09-06,88,687.08,57,31,2253.39,60688.8
2024-09-07,123,706.75,83,40,2735.27,87203.64
2024-09-08,135,385.72,80,55,3748.08,52446.44
2024-09-09,100,505.06,64,36,3530.85,50859.04
2024-09-10,110,736.42,75,35,4044.15,81410.51
2024-09-11,113,631.02,58,55,2192.21,71524.05
2024-09-12,107,369.27,73,34,2440.2,39756.38
2024-09-13,112,550.16,66,46,2730.92,61891.06
2024-09-14,125,497.93,81,44,1209.42,62361.6
2024-09-15,118,516.6,79,39,4288.72,61387.88
2024-09-16,106,538.91,57,49,4520.63,57576.81
2024-09-17,89,621.13,49,40,3431.01,55623.25
2024-09-18,104,645.44,65,39,2262.51,67351.91
2024-09-19,91,508.05,49,42,3852.83,46618.05
2024-09-20,96,497.11,50,46,1232.37,47846.22
2024-09-21,136,556.34,90,46,2070.37,75869.92
2024-09-22,127,547.15,76,51,2617.16,69749.24
2024-09-23,90,588.05,53,37,1039.7,53028.71
2024-09-24,100,621.02,65,35,2247.46,62326.44
2024-09-25,105,659.17,72,33,3085.18,69521.22
2024-09-26,106,398.08,53,53,2062.33,42403.02
2024-09-27,105,467.32,63,42,4092.57,49478.22
2024-09-28,117,350.54,73,44,2199.2,41233.27
2024-09-29,115,739.68,58,57,4388.24,85501.77
2024-09-30,101,662.15,58,43,2831.98,67160.39
2024-10-01,102,471.17,55,47,1262.78,48185.24
2024-10-02,98,648.98,50,48,2895.24,63889.34
2024-10-03,83,733.12,54,29,4770.9,61325.71
2024-10-04,100,735.11,57,43,1302.42,73640.98
2024-10-05,132,440.15,69,63,1783.33,58278.46
2024-10-06,142,581.32,94,48,1587.85,82706.13
2024-10-07,105,604.38,66,39,2552.66,63715.36
2024-10-08,92,716.99,54,38,2162.02,66179.68
2024-10-09,87,706.06,44,43,3830.89,61810.0
2024-10-10,91,403.71,55,36,4831.74,37220.78
2024-10-11,121,446.76,76,45,3002.41,54357.88
2024-10-12,128,672.79,77,51,2838.66,86400.5
2024-10-13,126,523.13,67,59,1175.6,66031.49
2024-10-14,86,369.99,59,27,4374.6,32256.74
2024-10-15,98,667.26,53,45,4415.14,65832.71
2024-10-16,84,524.8,43,41,3374.24,44420.49
2024-10-17,105,598.94,56,49,4924.71,63380.89
2024-10-18,105,652.92,62,43,1646.69,68721.7
2024-10-19,131,637.33,82,49,1989.36,83689.49
2024-10-20,121,576.03,72,49,4086.51,70108.78
2024-10-21,106,354.84,60,46,1036.15,37716.79
2024-10-22,88,478.67,56,32,4392.17,42562.0
2024-10-23,107,388.16,54,53,2714.81,41804.57
2024-10-24,122,397.4,70,52,2155.54,48698.48
2024-10-25,99,717.81,50,49,4973.02,71560.73
2024-10-26,125,506.98,85,40,4017.06,63774.62
2024-10-27,145,730.37,82,63,3308.49,106234.71
2024-10-28,95,575.63,59,36,2434.31,54928.24
2024-10-29,110,446.16,75,35,1766.37,49254.19
2024-10-30,102,438.34,51,51,1155.72,44826.37
2024-10-31,93,420.09,51,42,4467.08,39514.96
2024-11-01,104,524.65,62,42,3320.36,54895.19
2024-11-02,139,653.51,79,60,2129.98,91050.96
2024-11-03,131,662.15,78,53,2905.34,87031.69
2024-11-04,112,431.87,60,52,3364.52,48706.12
2024-11-05,112,432.83,57,55,1284.63,48605.46
2024-11-06,99,726.31,57,42,3027.68,72207.84
2024-11-07,108,482.88,70,38,3774.47,52528.1
2024-11-08,108,611.86,72,36,1606.38,66241.55
2024-11-09,116,520.09,60,56,1150.28,60445.62
2024-11-10,138,656.22,80,58,1000.05,90658.19
2024-11-11,98,739.23,54,44,1904.5,72635.11
2024-11-12,105,471.58,52,53,1921.67,49707.75
2024-11-13,112,646.76,65,47,4393.7,72876.33
2024-11-14,94,471.17,60,34,2301.18,44520.32
2024-11-15,101,498.38,66,35,4607.76,50796.79
2024-11-16,140,743.94,81,59,4016.99,104553.77
2024-11-17,153,381.38,98,55,3177.99,58669.29
2024-11-18,116,416.93,71,45,4122.53,48775.96
2024-11-19,113,468.62,73,40,3857.7,53340.28
2024-11-20,92,391.01,55,37,3055.42,36278.13
2024-11-21,113,681.0,72,41,3788.84,77332.17
2024-11-22,105,534.69,67,38,4683.98,56610.48
2024-11-23,144,459.63,77,67,4228.28,66609.35
2024-11-24,142,488.14,98,44,2342.44,69549.67
2024-11-25,113,640.82,77,36,3248.29,72737.79
2024-11-26,116,548.5,61,55,2522.07,63878.61
2024-11-27,116,503.74,77,39,1100.77,58544.15
2024-11-28,118,354.57,81,37,3814.8,42220.41
2024-11-29,94,631.95,57,37,4268.51,59830.0
2024-11-30,136,736.81,81,55,1206.67,100327.39
2024-12-01,147,421.7,89,58,4200.01,62410.23
2024-12-02,114,508.62,76,38,1526.86,58135.53
2024-12-03,106,466.02,67,39,4485.66,49846.5
2024-12-04,102,668.67,63,39,2001.87,68404.79
2024-12-05,123,712.43,78,45,1048.63,87734.35
2024-12-06,114,370.73,63,51,3195.43,42583.26
2024-12-07,131,598.52,84,47,2336.2,78639.34
2024-12-08,129,511.81,84,45,1273.41,66150.95
2024-12-09,107,624.18,54,53,2329.82,67019.98
2024-12-10,96,499.57,60,36,4777.79,48436.35
2024-12-11,124,429.6,80,44,2673.34,53537.34
2024-12-12,128,390.55,71,57,2111.41,50201.43
2024-12-13,117,377.0,62,55,3074.8,44416.6
2024-12-14,144,738.27,83,61,1453.21,106456.29
2024-12-15,153,519.09,88,65,2386.1,79659.6
2024-12-16,125,455.71,74,51,1821.33,57145.95
2024-12-17,106,612.7,65,41,4874.15,65433.87
2024-12-18,105,380.79,72,33,1302.33,40113.37
2024-12-19,110,589.62,69,41,3494.6,65207.42
2024-12-20,113,456.96,78,35,1060.44,51742.62
2024-12-21,155,632.65,87,68,3440.03,98405.05
2024-12-22,135,458.44,90,45,3390.67,62228.27
2024-12-23,123,431.05,78,45,3350.34,53354.56
2024-12-24,121,622.04,60,61,2632.61,75530.68
2024-12-25,102,530.1,59,43,4830.32,54553.41
2024-12-26,123,685.92,78,45,1754.16,84543.66
2024-12-27,118,387.05,80,38,3993.54,46071.28
2024-12-28,147,523.61,86,61,2034.85,77173.92
2024-12-29,167,605.08,107,60,1968.09,101244.38
2024-12-30,133,386.56,89,44,1797.08,51591.74
2024-12-31,112,458.32,57,55,1990.24,51531.15
2025-01-01,113,533.58,70,43,3930.93,60687.2
2025-01-02,114,730.6,75,39,4353.97,83723.37
2025-01-03,123,679.19,74,49,4730.84,84013.89
2025-01-04,156,647.15,94,62,3951.67,101350.97
2025-01-05,139,377.38,95,44,2484.45,52704.75
2025-01-06,132,457.54,89,43,2473.8,60642.85
2025-01-07,146,616.59,86,60,4149.55,90436.4
2025-01-08,109,632.18,64,45,2710.41,69179.13
2025-01-09,130,609.73,66,64,4745.12,79739.27
2025-01-10,117,527.57,65,52,1087.65,61834.2
2025-01-11,162,551.05,96,66,1224.7,89392.97
2025-01-12,149,612.07,79,70,2040.95,91402.45
2025-01-13,138,414.19,74,64,1281.97,57285.73
2025-01-14,132,675.65,68,64,3740.54,89559.89
2025-01-15,128,465.67,70,58,2239.23,59830.32
2025-01-16,154,492.75,102,52,2415.16,76125.69
2025-01-17,138,665.72,94,44,2231.18,92092.08
2025-01-18,154,491.77,105,49,3022.54,76034.83
2025-01-19,159,700.53,91,68,1410.27,111524.94
2025-01-20,128,427.55,81,47,4435.27,55169.32
2025-01-21,156,685.16,101,55,4435.06,107328.99
2025-01-22,147,414.15,78,69,3694.58,61248.94
2025-01-23,116,627.58,60,56,1918.39,72991.1
2025-01-24,137,555.97,70,67,1645.45,76332.89
2025-01-25,167,357.65,113,54,1662.99,59894.11
2025-01-26,151,392.14,91,60,1889.45,59401.81
2025-01-27,116,593.1,59,57,1981.41,68997.87
2025-01-28,115,437.82,71,44,4839.45,50833.43
2025-01-29,123,572.75,72,51,2663.1,70714.73
2025-01-30,148,630.86,88,60,1686.78,93535.73
2025-01-31,134,514.78,83,51,4482.11,69429.16
2025-02-01,150,592.26,85,65,1468.82,88985.15
2025-02-02,161,407.14,87,74,3768.29,65925.85
2025-02-03,139,431.73,81,58,3031.22,60313.11
2025-02-04,128,357.25,65,63,4171.03,46145.05
2025-02-05,157,601.37,86,71,3754.53,94790.63
2025-02-06,120,353.99,72,48,3893.77,42868.36
2025-02-07,135,687.33,76,59,2940.38,93083.65
2025-02-08,166,666.62,89,77,2805.18,110939.98
2025-02-09,154,505.13,104,50,4214.15,78211.5
2025-02-10,132,431.39,89,43,1267.89,57070.15
2025-02-11,141,737.23,88,53,1266.26,104075.54
2025-02-12,111,379.64,73,38,2501.88,42390.47
2025-02-13,114,438.04,65,49,2402.08,50177.28
2025-02-14,140,377.49,82,58,2478.3,53095.8
2025-02-15,173,633.51,94,79,1033.45,109699.93
2025-02-16,177,614.67,88,89,2935.96,109090.84
2025-02-17,140,569.37,91,49,1265.85,79838.06
2025-02-18,141,583.49,91,50,4127.84,82684.23
2025-02-19,136,406.13,84,52,3684.63,55602.12
2025-02-20,149,646.9,80,69,1679.52,96556.24
2025-02-21,138,713.29,85,53,4034.86,98837.7
2025-02-22,170,611.65,104,66,4556.51,104436.68
2025-02-23,155,539.57,85,70,3865.59,84019.67
2025-02-24,140,430.9,76,64,2255.31,60551.76
2025-02-25,132,713.14,70,62,3028.24,94436.7
2025-02-26,122,380.79,70,52,3784.62,46834.68
2025-02-27,141,668.5,90,51,2087.78,94466.8
2025-02-28,147,455.62,92,55,4756.27,67452.47
2025-03-01,155,426.37,84,71,3778.56,66465.3
2025-03-02,158,588.12,99,59,2058.54,93129.02
2025-03-03,143,654.34,74,69,1750.89,93745.79
2025-03-04,143,629.58,83,60,2473.39,90277.21
2025-03-05,141,365.59,79,62,3667.39,51915.17
2025-03-06,122,709.17,68,54,4552.47,86973.7
2025-03-07,141,449.6,72,69,3306.81,63724.77
2025-03-08,171,387.97,96,75,4995.57,66841.94
2025-03-09,175,693.21,95,80,4990.51,121810.68
2025-03-10,144,366.14,75,69,2644.77,52988.68
2025-03-11,138,663.5,77,61,3264.72,91888.82
2025-03-12,137,611.74,68,69,1928.07,84000.75
2025-03-13,145,654.92,96,49,1155.75,95079.13
2025-03-14,152,597.81,94,58,3253.58,91192.55
2025-03-15,171,582.38,111,60,4962.72,100083.28
2025-03-16,179,526.92,103,76,3829.59,94701.2
2025-03-17,144,721.27,81,63,4716.56,104334.94
2025-03-18,125,561.07,87,38,1846.54,70318.53
2025-03-19,145,587.26,85,60,1213.39,85274.52
2025-03-20,148,619.91,85,63,3710.13,92118.36
2025-03-21,159,628.85,88,71,3594.56,100347.29
2025-03-22,169,412.48,104,65,3543.76,70063.94
2025-03-23,175,532.07,116,59,3671.04,93479.14
2025-03-24,131,417.89,85,46,1076.58,54851.43
2025-03-25,155,685.26,107,48,4211.24,106636.73
2025-03-26,148,564.37,85,63,2953.98,83822.75
2025-03-27,142,460.81,87,55,4685.23,65902.83
2025-03-28,128,587.14,65,63,2419.7,75395.39
2025-03-29,169,383.83,114,55,3427.39,65209.36
2025-03-30,165,703.17,89,76,3636.18,116386.0
2025-03-31,146,464.61,102,44,4210.56,68253.8
2025-04-01,131,362.01,81,50,4589.46,47882.31
2025-04-02,139,688.96,78,61,1249.58,95889.73
2025-04-03,144,376.81,95,49,4901.37,54750.29
2025-04-04,137,378.41,74,63,1843.17,52027.03
2025-04-05,162,537.64,84,78,2074.25,87305.57
2025-04-06,167,739.23,115,52,4037.17,123855.25
2025-04-07,137,525.9,90,47,2113.47,72259.13
2025-04-08,127,443.0,70,57,1518.72,56413.18
2025-04-09,129,492.13,66,63,3695.98,63854.1
2025-04-10,145,408.77,97,48,2370.58,59508.53
2025-04-11,134,411.97,79,55,1330.95,55337.09
2025-04-12,175,671.52,107,68,1548.59,117671.2
2025-04-13,151,552.2,94,57,1576.32,83540.36
2025-04-14,138,382.91,77,61,2838.34,53125.27
2025-04-15,121,678.95,70,51,1227.91,82276.04
2025-04-16,156,579.72,102,54,3668.85,90802.43
2025-04-17,136,694.88,82,54,2255.5,94729.39
2025-04-18,136,428.07,88,48,2957.57,58512.82
2025-04-19,177,547.03,118,59,2932.72,97117.16
2025-04-20,178,512.72,105,73,2312.93,91495.8
2025-04-21,135,654.98,72,63,1504.01,88572.54
2025-04-22,157,545.85,85,72,3578.98,86056.31
2025-04-23,154,571.06,97,57,2488.69,88192.86
2025-04-24,140,424.11,76,64,2114.57,59586.6
2025-04-25,127,423.14,70,57,4302.84,54168.44
2025-04-26,157,499.82,90,67,4190.93,78890.72
2025-04-27,170,384.81,113,57,3227.14,65739.88
2025-04-28,132,619.11,71,61,1882.02,81910.17
2025-04-29,142,699.63,78,64,1998.68,99547.14
2025-04-30,142,650.11,84,58,1608.19,92475.91
2025-05-01,149,490.49,88,61,1375.11,73220.19
2025-05-02,127,445.26,75,52,4633.74,57011.22
2025-05-03,160,536.52,84,76,4042.3,86247.39
2025-05-04,139,588.76,90,49,4998.23,82338.06
2025-05-05,131,509.15,69,62,4310.21,67129.18
2025-05-06,137,596.05,82,55,4642.42,82123.32
2025-05-07,115,550.51,58,57,1200.97,63428.78
2025-05-08,115,685.67,58,57,1642.72,79016.57
2025-05-09,153,529.62,78,75,1949.91,81226.16
2025-05-10,160,593.33,85,75,2124.2,95144.87
2025-05-11,168,501.9,97,71,4205.78,84739.88
2025-05-12,129,659.11,81,48,1947.73,85219.78
2025-05-13,138,576.31,79,59,4716.58,80002.8
2025-05-14,135,660.1,76,59,1937.7,89306.95
2025-05-15,147,362.04,93,54,4845.97,53704.7
2025-05-16,133,594.59,74,59,3714.0,79451.26
2025-05-17,166,689.24,112,54,4788.65,114893.32
2025-05-18,154,462.65,77,77,4853.44,71732.89
2025-05-19,143,636.42,89,54,3824.98,91390.56
2025-05-20,127,527.12,72,55,2044.19,67148.56
2025-05-21,130,683.83,69,61,4741.94,89371.93
2025-05-22,139,374.72,74,65,1369.44,52223.49
2025-05-23,130,588.09,90,40,1601.89,76611.26
2025-05-24,163,448.66,103,60,2883.84,73420.53
2025-05-25,132,650.47,81,51,4015.47,86263.7
2025-05-26,122,510.96,82,40,4538.35,62791.26
2025-05-27,148,713.67,94,54,2255.51,105848.73
2025-05-28,122,423.85,71,51,2368.43,51946.91
2025-05-29,124,682.38,80,44,1479.56,84763.04
2025-05-30,112,547.13,69,43,2199.77,61498.29
2025-05-31,163,523.54,85,78,1657.62,85502.39
2025-06-01,169,487.58,106,63,3932.0,82794.74
2025-06-02,130,722.62,79,51,4283.92,94369.25
2025-06-03,136,509.81,68,68,2307.18,69564.54
2025-06-04,132,680.62,68,64,4203.92,90262.29
2025-06-05,117,397.48,63,54,4922.27,46997.81
2025-06-06,152,376.89,98,54,3379.39,57625.78
2025-06-07,158,562.92,84,74,1413.06,89082.15
2025-06-08,155,577.19,106,49,2185.43,89682.95
2025-06-09,108,370.14,68,40,1211.06,40096.21
2025-06-10,118,533.17,73,45,1906.09,63104.86
2025-06-11,131,493.68,87,44,4294.21,65101.96
2025-06-12,111,540.94,63,48,2403.28,60284.69
2025-06-13,120,433.62,71,49,1338.75,52168.73
2025-06-14,166,542.85,90,76,4363.63,90549.93
2025-06-15,167,679.45,98,69,2538.44,113721.9
2025-06-16,120,471.31,62,58,4730.22,57030.74
2025-06-17,126,562.63,74,52,1130.64,71004.3
2025-06-18,129,513.1,81,48,1644.88,66354.29
2025-06-19,124,635.9,72,52,1273.8,78979.14
2025-06-20,128,396.54,88,40,3451.18,51102.67
2025-06-21,147,491.87,85,62,3202.65,72624.64
2025-06-22,155,683.46,96,59,4258.68,106361.8
2025-06-23,109,392.35,63,46,2419.59,43008.08
2025-06-24,115,620.33,59,56,3632.64,71701.12
2025-06-25,110,412.73,55,55,4309.21,45830.68
2025-06-26,117,517.67,79,38,1672.81,60735.04
2025-06-27,106,550.97,73,33,3925.95,58795.51
2025-06-28,154,438.18,105,49,4544.73,67933.95
2025-06-29,153,601.93,99,54,2612.84,92356.31
2025-06-30,127,562.52,74,53,3709.75,71810.71
2025-07-01,127,408.57,77,50,4331.72,52322.13
2025-07-02,125,687.87,71,54,2725.21,86255.82
2025-07-03,117,687.68,70,47,2936.08,80752.75
2025-07-04,122,473.39,68,54,3292.17,58082.47
2025-07-05,147,641.35,93,54,2383.22,94516.53
2025-07-06,152,672.17,88,64,4787.02,102648.85
2025-07-07,111,746.13,68,43,1103.08,82931.06
2025-07-08,126,613.8,66,60,3752.18,77714.32
2025-07-09,104,472.89,60,44,3185.83,49498.79
2025-07-10,122,414.09,71,51,1683.75,50687.38
2025-07-11,120,383.65,62,58,2572.42,46295.37
2025-07-12,148,356.64,91,57,3646.87,53146.96
2025-07-13,141,359.48,97,44,4339.79,51121.1
2025-07-14,109,404.18,73,36,1925.9,44248.63
2025-07-15,113,370.25,69,44,1157.57,41953.89
2025-07-16,122,507.16,75,47,1114.61,61984.74
2025-07-17,113,585.34,78,35,2590.74,66402.59
2025-07-18,114,567.68,73,41,2100.96,64925.55
2025-07-19,148,499.89,75,73,3199.47,74303.49
2025-07-20,141,520.45,93,48,4329.45,73816.18
2025-07-21,106,676.92,55,51,4721.59,72225.9
2025-07-22,105,530.02,70,35,2349.82,55887.44
2025-07-23,83,483.76,50,33,2578.29,40409.95
2025-07-24,108,414.55,71,37,3287.98,45099.87
2025-07-25,106,409.7,60,46,2072.7,43635.45
2025-07-26,146,513.38,74,72,3718.79,75325.68
2025-07-27,140,628.87,87,53,1773.74,88218.54
2025-07-28,107,453.93,72,35,4544.34,49025.08
2025-07-29,100,514.52,63,37,1962.13,51648.37
2025-07-30,103,680.43,68,35,3692.37,70453.1
2025-07-31,99,645.18,62,37,2441.9,64117.05
2025-08-01,106,458.26,74,32,1324.92,48707.79
2025-08-02,148,696.44,87,61,2157.76,103288.99
2025-08-03,157,597.76,91,66,2644.76,94112.17
2025-08-04,116,690.23,79,37,1806.11,80247.27
2025-08-05,89,625.64,54,35,4293.09,56110.83
2025-08-06,99,656.15,66,33,2012.11,65159.6
2025-08-07,101,391.14,70,31,1503.82,39655.22
2025-08-08,116,479.73,71,45,3705.93,56019.48
2025-08-09,142,591.26,87,55,3730.13,84331.94
2025-08-10,120,657.43,76,44,1905.09,79082.41
2025-08-11,101,443.33,65,36,3501.32,45126.78
2025-08-12,109,689.78,70,39,1179.99,75303.86
2025-08-13,96,486.53,65,31,2914.11,46998.05
2025-08-14,102,355.47,56,46,1326.39,36390.88
2025-08-15,85,361.14,49,36,3525.5,31049.53
2025-08-16,123,468.37,85,38,3655.3,57975.39
2025-08-17,137,370.17,84,53,4561.54,51168.99
2025-08-18,105,377.76,65,40,1359.51,39800.5
2025-08-19,133,486.38,77,56,4669.07,65155.9
2025-08-20,109,467.34,69,40,3101.88,51250.4
2025-08-21,97,710.11,61,36,4168.76,69297.12
2025-08-22,108,468.33,59,49,1004.45,50680.05
2025-08-23,135,437.16,84,51,3647.34,59380.87
2025-08-24,131,641.51,82,49,2294.12,84267.38
2025-08-25,104,572.63,54,50,2370.92,59790.75
2025-08-26,105,391.37,67,38,2608.11,41355.04
2025-08-27,109,661.93,54,55,1472.87,72297.48
2025-08-28,94,451.79,57,37,1051.59,42573.66
2025-08-29,116,690.46,71,45,4830.53,80576.45
2025-08-30,124,569.55,77,47,2519.92,70876.08
2025-08-31,133,505.49,69,64,1961.2,67426.36
2025-09-01,96,420.76,56,40,4949.34,40887.78
2025-09-02,99,562.75,69,30,4494.47,56161.57
2025-09-03,115,480.78,66,49,2222.98,55511.58
2025-09-04,105,619.0,59,46,3728.77,65368.18
2025-09-05,105,401.33,67,38,3313.97,42471.08
2025-09-06,122,630.24,82,40,4013.89,77291.23
2025-09-07,149,597.67,75,74,1746.56,89227.35
2025-09-08,101,463.82,62,39,2772.13,47122.69
2025-09-09,97,400.22,50,47,4853.92,39306.72
2025-09-10,105,541.4,63,42,3342.25,57180.85
2025-09-11,103,567.74,64,39,1934.96,58670.51
2025-09-12,91,678.03,54,37,1166.32,61817.09
2025-09-13,120,473.11,81,39,3454.55,57118.46
2025-09-14,139,673.97,89,50,3332.52,94015.05
2025-09-15,114,536.47,72,42,1759.74,61333.86
2025-09-16,87,572.59,59,28,2434.49,50058.42
2025-09-17,90,620.27,58,32,2583.75,56082.24
2025-09-18,112,531.67,76,36,2649.12,59812.34
2025-09-19,95,583.82,54,41,4877.29,55950.37
2025-09-20,126,374.81,75,51,2357.22,47462.37
2025-09-21,134,749.1,76,58,2806.96,100660.06
2025-09-22,90,510.28,60,30,1460.58,46071.41
2025-09-23,82,613.88,51,31,2768.13,50614.65
2025-09-24,86,374.58,59,27,4254.89,32639.24
2025-09-25,104,410.57,64,40,2909.66,42990.55
2025-09-26,101,582.69,57,44,2605.85,59112.75
2025-09-27,127,415.06,68,59,3937.46,53106.92
2025-09-28,120,373.43,74,46,3209.46,45132.08
2025-09-29,102,488.19,62,40,4212.05,50216.82
2025-09-30,110,381.71,74,36,3263.4,42314.67
2025-10-01,84,407.39,49,35,1605.78,34381.15
2025-10-02,91,588.27,62,29,1322.46,53664.99
2025-10-03,105,681.38,62,43,1320.75,71676.5
2025-10-04,144,602.04,94,50,4314.61,87124.83
2025-10-05,132,399.74,91,41,4500.53,53215.51
2025-10-06,99,420.86,50,49,3888.26,42054.11
2025-10-07,104,582.26,65,39,4743.75,61029.22
2025-10-08,74,542.51,51,23,4238.7,40569.7
2025-10-09,93,525.94,53,40,3575.83,49270.21
2025-10-10,96,371.83,65,31,3397.84,36035.1
2025-10-11,117,527.03,77,40,1193.45,61781.96
2025-10-12,125,680.54,71,54,3352.0,85402.24
2025-10-13,102,680.37,67,35,3525.84,69750.62
2025-10-14,114,589.43,78,36,2656.56,67460.13
2025-10-15,123,438.2,75,48,3502.6,54248.25
2025-10-16,109,423.94,67,42,1238.35,46332.79
2025-10-17,102,440.71,52,50,3666.09,45318.93
2025-10-18,146,526.73,78,68,1653.47,77068.44
2025-10-19,126,370.46,75,51,2591.17,46937.09
2025-10-20,88,543.32,58,30,2531.14,48065.07
2025-10-21,101,374.82,62,39,1284.62,37984.94
2025-10-22,89,576.41,54,35,4512.13,51751.47
2025-10-23,103,608.23,70,33,1182.34,62765.81
2025-10-24,88,686.87,45,43,2186.45,60662.87
2025-10-25,130,399.31,71,59,3074.25,52218.18
2025-10-26,131,493.26,83,48,4958.02,65112.32
2025-10-27,111,380.7,70,41,1016.75,42359.73
2025-10-28,81,606.73,48,33,2643.16,49409.27
2025-10-29,98,484.15,50,48,1708.33,47617.4
2025-10-30,101,732.69,65,36,3397.44,74341.25
2025-10-31,93,444.77,49,44,1387.86,41502.36
2025-11-01,116,669.01,70,46,3710.18,77975.67
2025-11-02,141,379.09,80,61,2122.4,53664.49
2025-11-03,102,662.97,55,47,4970.06,68119.98
2025-11-04,103,439.86,59,44,2597.33,45565.62
2025-11-05,104,741.29,68,36,1723.57,77266.34
2025-11-06,115,518.0,76,39,3313.44,59901.85
2025-11-07,95,671.67,48,47,4465.69,64254.86
2025-11-08,126,516.33,73,53,3194.35,65376.69
2025-11-09,138,557.84,72,66,4986.11,77481.18
2025-11-10,94,403.2,64,30,1634.95,38064.66
2025-11-11,121,701.84,84,37,4628.17,85385.53
2025-11-12,99,617.69,57,42,2935.21,61444.59
2025-11-13,93,493.12,57,36,3375.12,46198.09
2025-11-14,104,571.39,56,48,3281.15,59752.54
2025-11-15,123,646.91,70,53,1100.8,79679.83
2025-11-16,139,454.46,85,54,3779.81,63548.61
2025-11-17,120,668.5,74,46,3940.1,80613.7
2025-11-18,95,454.53,58,37,2676.4,43448.29
2025-11-19,106,555.48,53,53,2152.74,59096.49
2025-11-20,88,643.84,54,34,1095.79,56767.79
2025-11-21,106,726.59,62,44,1697.64,77188.27
2025-11-22,139,570.21,83,56,2629.46,79522.51
2025-11-23,130,708.63,65,65,1785.18,92300.4
2025-11-24,110,706.26,72,38,3387.78,78027.75
2025-11-25,119,521.87,81,38,3999.44,62502.4
2025-11-26,95,457.52,52,43,1794.58,43643.77
2025-11-27,111,472.57,68,43,3220.54,52776.9
2025-11-28,128,382.63,68,60,1351.15,49111.75
2025-11-29,127,557.23,70,57,1855.98,70953.93
2025-11-30,152,355.54,96,56,3597.52,54402.57
2025-12-01,106,669.46,53,53,4731.01,71436.11
2025-12-02,133,615.21,91,42,3716.27,82194.67
2025-12-03,95,748.78,52,43,3880.63,71522.14
2025-12-04,114,452.48,60,54,1882.6,51770.59
2025-12-05,109,693.64,69,40,3000.23,75907.3
2025-12-06,149,654.0,86,63,2250.39,97671.37
2025-12-07,134,433.88,84,50,4906.24,58630.02
2025-12-08,110,662.76,70,40,4063.43,73309.54
2025-12-09,116,736.26,61,55,2574.22,85663.07
2025-12-10,124,580.02,74,50,1827.27,72105.73
2025-12-11,122,474.88,76,46,2709.87,58205.85
2025-12-12,105,512.13,56,49,2076.65,53981.33
2025-12-13,151,663.35,86,65,4637.01,100630.29
2025-12-14,148,688.45,102,46,1731.25,102063.68
2025-12-15,117,500.67,59,58,2356.96,58814.15
2025-12-16,104,449.42,68,36,2267.77,46966.03
2025-12-17,114,700.2,76,38,2209.87,80043.27
2025-12-18,119,408.68,81,38,3761.29,49008.82
2025-12-19,121,623.02,72,49,2326.47,75617.61
2025-12-20,147,397.98,97,50,2248.26,58728.06
2025-12-21,168,694.57,116,52,1549.2,116842.21
2025-12-22,128,650.73,88,40,4247.78,83718.23
2025-12-23,104,475.17,54,50,4434.03,49860.86
2025-12-24,127,621.09,85,42,2009.26,79079.27
2025-12-25,126,417.54,81,45,1214.54,52731.92
2025-12-26,130,503.36,86,44,1673.11,65603.96
2025-12-27,147,569.56,94,53,1756.78,83901.56
2025-12-28,173,534.36,115,58,4314.84,92875.65
2025-12-29,121,633.76,80,41,1421.61,76826.58
2025-12-30,131,495.19,84,47,4517.12,65322.01
2025-12-31,130,395.04,88,42,2631.11,51617.82
